"カテゴリ","ID","名称","レベル","説明","CD(秒)","威力","数","弾速","貫通","落雷数","範囲","半径","回転速度","間隔(秒)","燃焼DPS","持続(秒)","速度倍率"
"武器","bolt","マジックボルト","1","最も近い敵へ魔法弾を放つ","1.1","10","1","480","0","","","","","","","",""
"武器","bolt","マジックボルト","2","最も近い敵へ魔法弾を放つ","1","12","2","480","0","","","","","","","",""
"武器","bolt","マジックボルト","3","最も近い敵へ魔法弾を放つ","0.95","18","2","520","1","","","","","","","",""
"武器","bolt","マジックボルト","4","最も近い敵へ魔法弾を放つ","0.85","22","3","560","1","","","","","","","",""
"武器","bolt","マジックボルト","5","最も近い敵へ魔法弾を放つ","0.72","30","4","600","2","","","","","","","",""
"武器","blade","オービットブレード","1","周囲を回転する刃が敵を切り裂く","","9","2","","","","","60","2.8","","","",""
"武器","blade","オービットブレード","2","周囲を回転する刃が敵を切り裂く","","11","3","","","","","66","3","","","",""
"武器","blade","オービットブレード","3","周囲を回転する刃が敵を切り裂く","","15","3","","","","","76","3.3","","","",""
"武器","blade","オービットブレード","4","周囲を回転する刃が敵を切り裂く","","18","4","","","","","86","3.6","","","",""
"武器","blade","オービットブレード","5","周囲を回転する刃が敵を切り裂く","","24","6","","","","","96","4","","","",""
"武器","thunder","サンダー","1","落雷がランダムな敵を焼き払う","2.4","24","","","","1","52","","","","","",""
"武器","thunder","サンダー","2","落雷がランダムな敵を焼き払う","2.2","30","","","","1","58","","","","","",""
"武器","thunder","サンダー","3","落雷がランダムな敵を焼き払う","2","40","","","","2","64","","","","","",""
"武器","thunder","サンダー","4","落雷がランダムな敵を焼き払う","1.7","48","","","","2","72","","","","","",""
"武器","thunder","サンダー","5","落雷がランダムな敵を焼き払う","1.4","60","","","","3","80","","","","","",""
"武器","aura","ホーリーオーラ","1","周囲の敵に継続ダメージを与える聖域","","5","","","","","","66","","0.5","","",""
"武器","aura","ホーリーオーラ","2","周囲の敵に継続ダメージを与える聖域","","7","","","","","","80","","0.5","","",""
"武器","aura","ホーリーオーラ","3","周囲の敵に継続ダメージを与える聖域","","9","","","","","","94","","0.45","","",""
"武器","aura","ホーリーオーラ","4","周囲の敵に継続ダメージを与える聖域","","12","","","","","","110","","0.4","","",""
"武器","aura","ホーリーオーラ","5","周囲の敵に継続ダメージを与える聖域","","16","","","","","","128","","0.33","","",""
"武器","axe","スローイングアックス","1","放物線を描いて飛ぶ強力な斧","1.7","20","1","","","","","","","","","",""
"武器","axe","スローイングアックス","2","放物線を描いて飛ぶ強力な斧","1.6","24","2","","","","","","","","","",""
"武器","axe","スローイングアックス","3","放物線を描いて飛ぶ強力な斧","1.5","32","2","","","","","","","","","",""
"武器","axe","スローイングアックス","4","放物線を描いて飛ぶ強力な斧","1.3","38","3","","","","","","","","","",""
"武器","axe","スローイングアックス","5","放物線を描いて飛ぶ強力な斧","1.1","50","4","","","","","","","","","",""
"武器","wisp","スピリットウィスプ","1","敵を追尾する精霊の炎","1.9","13","1","","3","","","","","","","",""
"武器","wisp","スピリットウィスプ","2","敵を追尾する精霊の炎","1.8","15","2","","3","","","","","","","",""
"武器","wisp","スピリットウィスプ","3","敵を追尾する精霊の炎","1.7","20","2","","4","","","","","","","",""
"武器","wisp","スピリットウィスプ","4","敵を追尾する精霊の炎","1.5","25","3","","5","","","","","","","",""
"武器","wisp","スピリットウィスプ","5","敵を追尾する精霊の炎","1.2","32","4","","6","","","","","","","",""
"武器","fire","ファイアー","1","貫通する火炎弾。命中した敵を燃焼させる","1.8","8","1","","","","","","","","4","",""
"武器","fire","ファイアー","2","貫通する火炎弾。命中した敵を燃焼させる","1.7","10","1","","","","","","","","6","",""
"武器","fire","ファイアー","3","貫通する火炎弾。命中した敵を燃焼させる","1.6","14","2","","","","","","","","8","",""
"武器","fire","ファイアー","4","貫通する火炎弾。命中した敵を燃焼させる","1.4","18","2","","","","","","","","11","",""
"武器","fire","ファイアー","5","貫通する火炎弾。命中した敵を燃焼させる","1.2","24","3","","","","","","","","15","",""
"武器","blizzard","ブリザード","1","吹雪で敵を切り刻み移動速度を低下させる","4.5","5","","","","","","70","","","","2.5","0.55"
"武器","blizzard","ブリザード","2","吹雪で敵を切り刻み移動速度を低下させる","4.2","7","","","","","","80","","","","3","0.5"
"武器","blizzard","ブリザード","3","吹雪で敵を切り刻み移動速度を低下させる","3.8","9","","","","","","90","","","","3","0.5"
"武器","blizzard","ブリザード","4","吹雪で敵を切り刻み移動速度を低下させる","3.4","12","","","","","","105","","","","3.2","0.45"
"武器","blizzard","ブリザード","5","吹雪で敵を切り刻み移動速度を低下させる","3","16","","","","","","120","","","","3.5","0.4"
"パッシブ","boots","ラピッドブーツ","1","移動速度 +10%","","","","","","","","","","","","",""
"パッシブ","boots","ラピッドブーツ","2","移動速度 +20%","","","","","","","","","","","","",""
"パッシブ","boots","ラピッドブーツ","3","移動速度 +30%","","","","","","","","","","","","",""
"パッシブ","boots","ラピッドブーツ","4","移動速度 +40%","","","","","","","","","","","","",""
"パッシブ","boots","ラピッドブーツ","5","移動速度 +50%","","","","","","","","","","","","",""
"パッシブ","power","パワークリスタル","1","攻撃力 +12%","","","","","","","","","","","","",""
"パッシブ","power","パワークリスタル","2","攻撃力 +24%","","","","","","","","","","","","",""
"パッシブ","power","パワークリスタル","3","攻撃力 +36%","","","","","","","","","","","","",""
"パッシブ","power","パワークリスタル","4","攻撃力 +48%","","","","","","","","","","","","",""
"パッシブ","power","パワークリスタル","5","攻撃力 +60%","","","","","","","","","","","","",""
"パッシブ","heart","いのちの器","1","最大HP +20(取得時HP20回復)","","","","","","","","","","","","",""
"パッシブ","heart","いのちの器","2","最大HP +40(取得時HP20回復)","","","","","","","","","","","","",""
"パッシブ","heart","いのちの器","3","最大HP +60(取得時HP20回復)","","","","","","","","","","","","",""
"パッシブ","heart","いのちの器","4","最大HP +80(取得時HP20回復)","","","","","","","","","","","","",""
"パッシブ","heart","いのちの器","5","最大HP +100(取得時HP20回復)","","","","","","","","","","","","",""
"パッシブ","magnet","マグネット","1","ジェム吸引範囲 +40%","","","","","","","","","","","","",""
"パッシブ","magnet","マグネット","2","ジェム吸引範囲 +80%","","","","","","","","","","","","",""
"パッシブ","magnet","マグネット","3","ジェム吸引範囲 +120%","","","","","","","","","","","","",""
"パッシブ","magnet","マグネット","4","ジェム吸引範囲 +160%","","","","","","","","","","","","",""
"パッシブ","magnet","マグネット","5","ジェム吸引範囲 +200%","","","","","","","","","","","","",""
"パッシブ","tome","古の魔導書","1","クールダウン -7.0%","","","","","","","","","","","","",""
"パッシブ","tome","古の魔導書","2","クールダウン -13.5%","","","","","","","","","","","","",""
"パッシブ","tome","古の魔導書","3","クールダウン -19.6%","","","","","","","","","","","","",""
"パッシブ","tome","古の魔導書","4","クールダウン -25.2%","","","","","","","","","","","","",""
"パッシブ","tome","古の魔導書","5","クールダウン -30.4%","","","","","","","","","","","","",""
"パッシブ","lens","幸運のクローバー","1","クリティカル率 12%(基礎5%込み)","","","","","","","","","","","","",""
"パッシブ","lens","幸運のクローバー","2","クリティカル率 19%(基礎5%込み)","","","","","","","","","","","","",""
"パッシブ","lens","幸運のクローバー","3","クリティカル率 26%(基礎5%込み)","","","","","","","","","","","","",""
"パッシブ","lens","幸運のクローバー","4","クリティカル率 33%(基礎5%込み)","","","","","","","","","","","","",""
"パッシブ","lens","幸運のクローバー","5","クリティカル率 40%(基礎5%込み)","","","","","","","","","","","","",""
"パッシブ","area","拡がりの宝珠","1","攻撃範囲 +12%","","","","","","","","","","","","",""
"パッシブ","area","拡がりの宝珠","2","攻撃範囲 +24%","","","","","","","","","","","","",""
"パッシブ","area","拡がりの宝珠","3","攻撃範囲 +36%","","","","","","","","","","","","",""
"パッシブ","area","拡がりの宝珠","4","攻撃範囲 +48%","","","","","","","","","","","","",""
"パッシブ","area","拡がりの宝珠","5","攻撃範囲 +60%","","","","","","","","","","","","",""
"パッシブ","regen","再生の指輪","1","毎秒HP 0.6 自動回復","","","","","","","","","","","","",""
"パッシブ","regen","再生の指輪","2","毎秒HP 1.2 自動回復","","","","","","","","","","","","",""
"パッシブ","regen","再生の指輪","3","毎秒HP 1.8 自動回復","","","","","","","","","","","","",""
"パッシブ","regen","再生の指輪","4","毎秒HP 2.4 自動回復","","","","","","","","","","","","",""
"パッシブ","regen","再生の指輪","5","毎秒HP 3.0 自動回復","","","","","","","","","","","","",""
"パッシブ","range","ロングスコープ","1","弾の射程 +10%","","","","","","","","","","","","",""
"パッシブ","range","ロングスコープ","2","弾の射程 +20%","","","","","","","","","","","","",""
"パッシブ","range","ロングスコープ","3","弾の射程 +30%","","","","","","","","","","","","",""
"パッシブ","range","ロングスコープ","4","弾の射程 +40%","","","","","","","","","","","","",""
"パッシブ","range","ロングスコープ","5","弾の射程 +50%","","","","","","","","","","","","",""
"パッシブ","size","ジャイアントリング","1","弾のサイズ +20%(ボルト/ブレード/アックス/ウィスプ/ファイアー)","","","","","","","","","","","","",""
"パッシブ","size","ジャイアントリング","2","弾のサイズ +40%(ボルト/ブレード/アックス/ウィスプ/ファイアー)","","","","","","","","","","","","",""
"パッシブ","size","ジャイアントリング","3","弾のサイズ +60%(ボルト/ブレード/アックス/ウィスプ/ファイアー)","","","","","","","","","","","","",""
"パッシブ","size","ジャイアントリング","4","弾のサイズ +80%(ボルト/ブレード/アックス/ウィスプ/ファイアー)","","","","","","","","","","","","",""
"パッシブ","size","ジャイアントリング","5","弾のサイズ +100%(ボルト/ブレード/アックス/ウィスプ/ファイアー)","","","","","","","","","","","","",""
"ドロップ","gemS","ジェム(小)","","経験値1〜2。ザコ敵がドロップ","","","","","","","","","","","","",""
"ドロップ","gemM","ジェム(中)","","経験値3〜14。ゴースト・インプ・ブルートなどがドロップ","","","","","","","","","","","","",""
"ドロップ","gemL","ジェム(大)","","経験値15以上。エリート(25)・ボス撃破時(20×14個)","","","","","","","","","","","","",""
"ドロップ","heart","ハート","","HP30回復。通常敵1.2%・ボス撃破時確定ドロップ","","","","","","","","","","","","",""
"ドロップ","magnet","マグネット","","画面内の全ジェムを吸引。通常敵0.4%・ボス撃破時確定ドロップ","","","","","","","","","","","","",""
"ドロップ","chest","宝箱","","所持武器をランダムに1レベル強化(全武器Lv5ならHP50回復)。エリート撃破で確定ドロップ","","","","","","","","","","","","",""
"アーティファクト","wslot","拡張ホルスター","","武器の装備枠が 1 つ増える(ボス撃破時に未所持から1個ドロップ)","","","","","","","","","","","","",""
"アーティファクト","pslot","秘伝の腰袋","","パッシブの装備枠が 1 つ増える(ボス撃破時に未所持から1個ドロップ)","","","","","","","","","","","","",""
"アーティファクト","chain","連鎖の雷核","","サンダーの落雷ダメージ -35%。落雷が直撃地点から最も近い敵 1 体に連鎖する(ボス撃破時に未所持から1個ドロップ)","","","","","","","","","","","","",""
"アーティファクト","frenzy","狂戦士の血晶","","パワークリスタルの効力が現在HPに比例して変化する(HP満タンで150%・瀕死で0%)(ボス撃破時に未所持から1個ドロップ)","","","","","","","","","","","","",""
"アーティファクト","glass","ガラスの大剣","","攻撃力 +20%。しかし最大HP -30%(ボス撃破時に未所持から1個ドロップ)","","","","","","","","","","","","",""
"アーティファクト","clock","狂気の懐中時計","","クールダウン -10%。しかし攻撃力 -10%(ボス撃破時に未所持から1個ドロップ)","","","","","","","","","","","","",""
"アーティファクト","fireburst","爆裂の火薬庫","","ファイアーが着弾時に爆発し範囲ダメージ(威力60%)を与える。射程 -25%(ボス撃破時に未所持から1個ドロップ)","","","","","","","","","","","","",""
"アーティファクト","bleed","渇血の棘","","オービットブレードとスローイングアックスが出血を付与。出血した敵は受けるダメージ +15%(ボス撃破時に未所持から1個ドロップ)","","","","","","","","","","","","",""
"アーティファクト","holyleech","聖杯の加護","","ホーリーオーラがダメージを与えるたびHPを 1% 回復する(ボス撃破時に未所持から1個ドロップ)","","","","","","","","","","","","",""
"アーティファクト","wisphunter","狩猟の精霊石","","スピリットウィスプの射程・追尾能力・弾速 +20%。ダメージ -20%(ボス撃破時に未所持から1個ドロップ)","","","","","","","","","","","","",""
"アーティファクト","blizzwalk","吹雪の羅針盤","","ブリザードがプレイヤーへ徐々に移動するようになる。範囲 -10%(ボス撃破時に未所持から1個ドロップ)","","","","","","","","","","","","",""
"アーティファクト","mirror","双面の魔鏡","","マジックボルトが反対方向にも同時発射される。ダメージ -25%(ボス撃破時に未所持から1個ドロップ)","","","","","","","","","","","","",""
"アーティファクト","critdmg","処刑人の刻印","","クリティカルダメージ +25%(ボス撃破時に未所持から1個ドロップ)","","","","","","","","","","","","",""
"アーティファクト","pact","悪魔の契約書","","獲得経験値 +30%。しかし敵のステータス(HP・速度・攻撃力) +15%(ボス撃破時に未所持から1個ドロップ)","","","","","","","","","","","","",""
